Year,Revenue,EBITDA,Net_Income,Total_Debt,Cash,Current_Assets,Current_Liabilities,EBITDA_Margin,Debt_to_EBITDA,Interest_Coverage,Current_Ratio,Net_Debt,Net_Debt_to_EBITDA
2021,120000000,22000000,8000000,40000000,6000000,35000000,22000000,0.18333333333333332,1.8181818181818181,4.4,1.5909090909090908,34000000,1.5454545454545454
2022,135000000,24500000,9500000,42000000,5000000,38000000,24000000,0.1814814814814815,1.7142857142857142,4.9,1.5833333333333333,37000000,1.510204081632653
2023,150000000,25000000,9000000,45000000,4500000,40000000,26500000,0.16666666666666666,1.8,5.0,1.509433962264151,40500000,1.62
